English,Português
you,você
i,eu
the,o
to,para
a,um
s,s
it,isto
and,e
that,que
t,t
of,de
is,é
in,em
what,o que
we,nós
me,meu
this,esse
he,ele
for,para
my,meu
on,sobre
have,ter
your,seu
do,fazer
was,era
m,m
no,não
not,não
be,ser
are,são
don,vestir
re,ré
know,saber
can,pode
with,com
but,mas
all,todos
so,então
just,apenas
there,lá
here,aqui
they,eles
like,como
ll,ll
get,pegar
she,ela
go,ir
if,se
right,certo
out,fora
about,sobre
up,acima
at,no
him,ele
now,agora
oh,oh
one,um
come,vir
well,bem
her,dela
how,como
yeah,sim
ve,ve
will,vai
got,pegou
want,querer
think,pensar
as,como
see,ver
did,fez
good,bom
who,Quem
why,por que
from,de
let,deixar
his,dele
yes,sim
when,quando
going,indo
time,tempo
an,um
okay,OK
back,voltar
look,olhar
us,nós
would,seria
them,eles
where,onde
were,eram
take,pegar
then,então
had,tive
or,ou
been,estive
our,nosso
gonna,vai
tell,dizer
really,realmente
man,homem
some,alguns
say,dizer
hey,ei
could,poderia
d,d
didn,não
by,por
need,precisar
something,algo
has,tem
too,também
more,mais
way,caminho
down,abaixo
make,fazer
very,muito
never,nunca
only,apenas
people,pessoas
over,sobre
because,porque
little,pequeno
love,amor
should,deve
mean,significar
said,disse
sorry,desculpe
give,dar
off,desligado
am,sou
thank,agradecer
any,qualquer
two,dois
even,até
much,muito
doing,fazendo
sure,claro
thing,coisa
these,esses
help,ajuda
first,primeiro
into,em
anything,qualquer coisa
still,ainda
find,encontrar
life,vida
nothing,nada
sir,senhor
day,dia
god,Deus
work,trabalhar
their,deles
uh,uh
again,de novo
maybe,talvez
must,deve
before,antes
other,outro
wait,espere
stop,parar
call,chamar
after,depois
won,ganho
talk,falar
away,ausente
than,que
thought,pensamento
home,lar
night,noite
put,colocar
great,ótimo
those,aqueles
last,durar
better,melhorar
everything,tudo
told,contado
mr.,senhor.
new,novo
things,coisas
always,sempre
keep,manter
long,longo
years,anos
leave,deixar
does,faz
money,dinheiro
around,em volta
doesn,não
name,nome
place,lugar
ever,sempre
feel,sentir
guys,pessoal
father,pai
guy,cara
made,feito
old,velho
isn,não é
which,qual
big,grande
lot,muito
done,feito
hello,olá
nice,legal
believe,acreditar
girl,garota
someone,alguém
fine,multar
thanks,obrigado
wanted,desejado
kind,tipo
coming,chegando
house,casa
every,todo
ok,OK
through,através
being,ser
course,curso
stay,ficar
left,esquerda
dad,pai
enough,suficiente
happened,ocorrido
came,veio
may,poderia
mother,mãe
wrong,errado
world,mundo
bad,ruim
might,poder
three,três
today,hoje
listen,ouvir
another,outro
understand,entender
hear,ouvir
remember,lembrar
ask,perguntar
own,ter
same,mesmo
show,mostrar
else,outro
kill,matar
talking,conversando
found,encontrado
next,próximo
getting,recebendo
care,cuidados
car,carro
looking,olhando
son,filho
try,tentar
woman,mulher
went,foi
hi,oi
dead,morto
many,muitos
mind,mente
wasn,não
friend,amigo
best,melhor
mom,mãe
hell,inferno
morning,manhã
trying,tentando
boy,garoto
together,junto
yourself,você mesmo
job,trabalho
saw,serra
family,família
real,real
without,sem
baby,bebê
room,sala
wouldn,não
already,já
move,mover
most,maioria
seen,visto
live,ao vivo
miss,perder
actually,na verdade
huh,huh
shit,merda
both,ambos
heard,ouviu
once,uma vez
ready,preparar
head,cabeça
called,chamado
used,usado
idea,ideia
knew,sabia
hold,segurar
happy,feliz
door,porta
such,tal
fuck,Porra
brother,irmão
also,também
pretty,bonito
bit,pedaço
took,pegou
haven,refúgio
yet,ainda
men,homens
whole,todo
start,começar
use,usar
while,enquanto
since,desde
wife,esposa
days,dias
guess,adivinhar
tomorrow,amanhã
matter,matéria
meet,encontrar
bring,trazer
tonight,essa noite
everyone,todos
wanna,quero
hard,duro
ah,ah
alone,sozinho
myself,eu mesmo
school,escola
gone,perdido
um,um
end,fim
saying,ditado
play,jogar
looks,visual
couldn,não podia
fucking,foda-se
problem,problema
few,alguns
friends,amigos
gotta,preciso
ago,atrás
open,abrir
anyone,qualquer um
killed,morto
hope,ter esperança
face,face
until,até
lost,perdido
police,polícia
excuse,desculpa
turn,vez
business,negócios
case,caso
wants,quer
says,diz
true,verdadeiro
die,morrer
heart,coração
soon,breve
each,cada
worry,preocupar
later,mais tarde
year,ano
watch,assistir
music,música
hand,mão
having,tendo
probably,provavelmente
beautiful,lindo
doctor,doutor
sit,sentar
eat,comer
thinking,pensamento
young,jovem
second,segundo
working,trabalhando
water,água
person,pessoa
part,papel
kids,crianças
late,tarde
stuff,coisa
exactly,exatamente
under,sob
death,morte
minute,minuto
pay,pagar
crazy,louco
forget,esquecer
everybody,todo mundo
kid,criança
change,mudar
gave,deu
happen,acontecer
damn,droga
five,cinco
drink,bebida
far,distante
knows,sabe
its,isso é
whatever,qualquer que seja
eyes,olhos
shut,fechar
aren,não
hit,bater
taking,tirando
easy,fácil
times,vezes
check,verificar
hands,mãos
minutes,minutos
deal,negócio
different,diferente
means,significa
point,apontar
inside,dentro
makes,faz
asked,perguntado
somebody,alguém
mine,meu
making,fazendo
body,corpo
afraid,com medo
sleep,dormir
chance,chance
dear,querido
quite,bastante
four,quatro
anyway,de qualquer forma
close,fechar
ain,ain
party,festa
fun,diversão
against,contra
word,palavra
comes,vem
important,importante
set,definir
shall,podemos
story,história
number,número
daughter,filha
least,ao menos
waiting,esperando
hurt,ferir
wish,desejar
moment,momento
fight,lutar
week,semana
husband,marido
girls,garotas
rest,descansar
married,casado
fire,fogo
game,jogo
nobody,ninguém
mr,senhor
children,crianças
side,lado
stand,ficar
read,ler
though,no entanto
cut,corte
started,iniciado
sister,irmã
supposed,suposto
between,entre
child,criança
goes,vai
hours,horas
speak,falar
women,mulheres
behind,atrás
almost,quase
truth,verdade
blood,sangue
able,capaz
lady,senhora
anymore,não mais
playing,jogando
gets,fica
shot,tomada
reason,razão
trouble,dificuldade
break,quebrar
war,guerra
city,cidade
walk,andar
town,cidade
trust,confiar
dr.,doutor
met,conheceu
office,escritório
question,pergunta
brought,trouxe
yours,seu
welcome,Bem-vindo
high,alto
wow,uau
couple,casal
half,metade
died,morreu
cool,legal
free,livre
either,qualquer
seems,parece
power,poder
whoa,Uau!
bye,tchau
buy,comprar
telling,contando
honey,mel
tried,testado
front,frente
team,equipe
answer,responder
gun,pistola
boys,meninos
line,linha
send,enviar
news,notícias
stupid,estúpido
bed,cama
hurry,pressa
full,completo
months,meses
save,salvar
sometimes,às vezes
become,tornar-se
along,junto
hate,odiar
food,comida
outside,fora
light,luz
l,l
needs,precisa
dog,cachorro
clear,claro
order,ordem
em,em
fact,fato
captain,capitão
six,seis
hot,quente
funny,engraçado
black,preto
mrs.,senhora.
alive,vivo
pick,escolha
feeling,sentimento
living,vivendo
cause,causa
ahead,à frente
lose,perder
king,rei
plan,plano
dinner,jantar
sighs,suspiros
sort,organizar
leaving,saindo
shouldn,deveria
running,correndo
boss,chefe
alright,tudo bem
promise,promessa
taken,levado
safe,seguro
ma,mãe
book,livro
sent,enviado
white,branco
hour,hora
anybody,qualquer pessoa
small,pequeno
perfect,perfeito
cause,causa
lives,vidas
special,especial
parents,pais
s,s
john,John
himself,ele mesmo
perhaps,talvez
sounds,sons
serious,sério
sick,doente
company,empresa
ha,ha
scared,assustado
uncle,tio
poor,pobre
red,vermelho
past,passado
earth,terra
possible,possível
shoot,atirar
touch,tocar
sound,som
top,principal
ass,bunda
laughs,risos
cannot,não pode
asking,perguntando
win,ganhar
glad,alegre
control,controlar
hmm,hum
human,humano
drive,dirigir
hair,cabelo
jack,Jack
bitch,cadela
luck,sorte
murder,assassinato
happens,acontece
air,ar
ten,dez
daddy,papai
finally,finalmente
chuckles,risos
fast,rápido
cold,frio
seem,parecer
laughing,rindo
words,palavras
hospital,hospital
street,rua
hang,pendurar
dance,dança
meeting,reunião
till,até
others,outros
catch,pegar
follow,seguir
sense,senso
sex,sexo
lie,mentira
evening,noite
master,mestre
known,conhecido
dream,sonhar
write,escrever
million,milhão
voice,voz
sweet,doce
rather,em vez de
felt,sentido
sign,sinal
lucky,sortudo
somewhere,em algum lugar
bet,aposta
o,o
jesus,Jesus
longer,mais longo
calling,ligando
worked,trabalhado
quiet,quieto
looked,visto
less,menos
pull,puxar
beat,bater
careful,cuidadoso
coffee,café
return,retornar
secret,segredo
weeks,semanas
weren,não
date,data
seeing,vendo
fall,cair
given,dado
ooh,ooh
fault,falta
straight,direto
takes,leva
song,canção
future,futuro
gentlemen,senhores
loved,amado
changed,mudado
road,estrada
calm,calma
wonderful,maravilhoso
mad,louco
turned,virou
drop,derrubar
ladies,senhoras
learn,aprender
step,etapa
absolutely,absolutamente
early,cedo
explain,explicar
clean,limpar
piece,pedaço
yesterday,ontem
throw,lançar
picture,foto
land,terra
feet,pés
wonder,maravilha
questions,questões
speaking,Falando
worth,valor
darling,querido
dude,cara
giving,dando
president,presidente
eye,olho
quick,rápido
moving,mudança
figure,figura
state,estado
strong,forte
sam,sam
none,nenhum
amazing,incrível
ones,uns
works,funciona
act,agir
needed,necessário
weird,esquisito
law,lei
worried,preocupado
report,relatório
goodbye,adeus
missing,ausente
choice,escolha
happening,acontecendo
chief,chefe
wedding,casamento
strange,estranho
general,em geral
pain,dor
am,sou
kidding,brincando
decided,decidido
ya,sim
pass,passar
tired,cansado
class,aula
officer,oficial
kept,mantido
wake,acordar
worse,pior
busy,ocupado
eh,Eh
mistake,erro
kiss,beijo
court,tribunal
building,prédio
finish,terminar
during,durante
age,idade
ship,enviar
caught,capturado
marry,casar
meant,significou
sell,vender
dark,escuro
watching,assistindo
system,sistema
suppose,suponha
evidence,evidência
movie,filme
ride,andar de
t,t
completely,completamente
mouth,boca
totally,totalmente
birthday,aniversário
tv,TV
forgive,perdoar
born,nascer
imagine,imaginar
information,Informação
instead,em vez de
definitely,definitivamente
security,segurança
certainly,certamente
film,filme
month,mês
lying,mentindo
unless,a menos que
train,trem
seven,Sete
wear,vestir
clothes,roupas
michael,Michael
hotel,hotel
christmas,Natal
attack,ataque
hasn,não
round,redondo
expect,esperar
sing,cantar
terrible,terrível
george,George
bag,bolsa
history,história
blue,azul
near,aproximar
broke,quebrado
station,estação
seriously,seriamente
forever,para sempre
david,David
frank,franco
except,exceto
thinks,pensa
message,mensagem
entire,inteiro
joe,joe
table,mesa
talked,falou
across,entre
rock,pedra
lovely,amável
handle,lidar
middle,meio
buddy,companheiro
paid,pago
protect,proteger
using,usando
floor,chão
ran,corrido
swear,jurar
spend,gastar
situation,situação
ring,anel
anywhere,em qualquer lugar
dangerous,perigoso
bill,conta
york,York
army,exército
lead,liderar
bought,comprado
finished,finalizado
fair,justo
sun,sol
letter,carta
fool,enganar
attention,atenção
club,clube
simple,simples
interesting,interessante
space,espaço
test,teste
box,caixa
group,grupo
single,solteiro
sitting,sentado
marriage,casado
join,juntar
fear,temer
d,d
peace,paz
forgot,esquecido
force,vigor
short,curto
normal,normal
charlie,Charlie
present,presente
enjoy,aproveitar
mike,microfone
crime,crime
horse,cavalo
ground,chão
american,americano
count,contar
area,área
charge,cobrar
honor,honra
lunch,almoço
miles,milhas
radio,rádio
idiot,idiota
ball,bola
surprise,surpresa
paper,papel
key,chave
boat,barco
quickly,rapidamente
gold,ouro
bar,bar
fish,peixe
mark,marca
tom,Tom
wearing,vestindo
crying,choro
accident,acidente
government,governo
eight,oito
fell,caiu
cover,cobrir
certain,certo
interested,interessado
deep,profundo
star,estrela
sea,mar
agree,concordar
problems,problemas
detective,detetive
prison,prisão
major,principal
stick,grudar
offer,oferecer
difficult,difícil
smart,inteligente
personal,pessoal
record,registro
stopped,parou
hide,esconder
whether,se
trip,viagem
relax,relaxar
america,América
public,público
list,lista
afternoon,tarde
brain,cérebro
fix,consertar
bastard,Desgraçado
proud,orgulhoso
tea,chá
service,serviço
screaming,gritando
forward,avançar
angry,nervoso
park,parque
soul,alma
fighting,combate
peter,Peter
rich,rico
agent,agente
blow,soprar
paul,Paulo
dress,vestir
mary,Mary
missed,perdido
scene,cena
killing,matar
standing,de pé
saved,salvo
mm,mm
respect,respeito
killer,assassino
ice,gelo
mess,bagunça
tough,difícil
feels,sentimentos
church,igreja
sad,triste
cell,célula
drunk,bêbado
share,compartilhar
camera,câmera
mm-hmm,mm-hmm
within,dentro de
card,cartão
fly,voar
ben,ben
girlfriend,namorada
laugh,rir
smell,cheiro
broken,quebrado
mum,mãe
honest,honesto
often,muitas vezes
starting,começando
calls,ligações
y,y
spent,gasto
third,terceiro
english,inglês
visit,visita
mama,mamãe
judge,juiz
window,janela
hungry,com fome
dare,desafio
relationship,relação
moved,movido
prove,provar
private,privado
wall,parede
seat,assento
i-i,eu-eu
position,posição
lieutenant,tenente
realize,entender
lt,lt
especially,especialmente
machine,máquina
walking,andando
art,arte
pleasure,prazer
bloody,sangrento
college,faculdade
french,francês
involved,envolvido
cry,chorar
became,tornou-se
lived,vivido
impossible,impossível
obviously,obviamente
neither,nenhum
accept,aceitar
boyfriend,namorado
besides,além do mais
queen,rainha
teacher,professor
cops,policiais
sake,interesse
loves,ama
carry,carregar
teach,ensinar
apartment,apartamento
upset,chateado
green,verde
la,la
liked,apreciado
cute,bonitinho
evil,mal
professor,professor
contact,contato
joke,piada
cop,policial
huge,enorme
holy,sagrado
store,loja
jail,cadeia
likes,curtidas
lawyer,advogado
doubt,dúvida
continue,continuar
appreciate,apreciar
cat,gato
shop,comprar
driving,condução
congratulations,Parabéns
wrote,escreveu
village,aldeia
quit,desistir
field,campo
james,James
wine,vinho
decision,decisão
south,sul
sleeping,dormindo
slow,lento
laughter,risada
island,ilha
glass,vidro
beginning,começo
cash,dinheiro
dying,morrendo
hundred,centenas
whose,cujo
difference,diferença
plane,avião
push,empurrar
continues,continua
mmm,hummm
singing,cantoria
eating,comendo
north,norte
mrs,senhora
tree,árvore
madam,senhora
gift,presente
truck,caminhão
putting,colocando
bear,urso
board,quadro
grab,pegar
beer,cerveja
stuck,preso
magic,magia
support,apoiar
rules,regras
grunts,grunhidos
partner,parceiro
reach,alcançar
wind,vento
colonel,coronel
max,máximo
immediately,imediatamente
seconds,segundos
thousand,mil
gives,dá
experience,experiência
cheers,saúde
victim,vítima
upon,sobre
computer,computador
christ,Cristo
planet,planeta
promised,prometido
bus,ônibus
henry,Henrique
dirty,sujo
search,procurar
staying,ficando
dreams,sonhos
arrest,prender prisão
holding,contenção
suddenly,de repente
usually,geralmente
lots,muitos
shoes,sapato
er,er
jump,pular
rid,livrar
yo,ei
knock,bater
owe,dever
harry,Harry
grow,crescer
worst,pior
river,rio
aunt,tia
patient,paciente
kitchen,cozinha
aah,aah
fat,gordo
passed,aprovado
m,m
final,final
summer,verão
bob,prumo
listening,audição
escape,escapar
everywhere,em todos os lugares
moon,lua
arms,braços
turns,voltas
address,endereço
ow,agora
match,corresponder
gasps,suspiros
grand,grande
yep,sim
shh,shh
nervous,nervoso
de,de
choose,escolher
themselves,eles mesmos
decide,decidir
mate,amigo
drinking,beber
press,imprensa
bother,irmão
foot,pé
hadn,não
blame,culpa
crap,besteira
drugs,drogas
type,tipo
rings,anéis
mission,missão
named,chamado
heaven,paraíso
ii,ii
picked,escolhido
paris,Paris
race,corrida
risk,risco
books,livros
further,avançar
danny,Danny
action,Ação
allowed,permitido
orders,pedidos
learned,aprendido
price,preço
arrived,chegado
nick,Nick
otherwise,de outra forma
pictures,fotos
fit,ajustar
smoke,fumaça
favor,favor
played,jogado
notice,perceber
awesome,incrível
smile,sorriso
director,diretor
guard,guarda
begin,começar
spot,ver
surprised,surpreso
innocent,inocente
narrator,narrador
herself,ela mesma
london,Londres
feelings,sentimentos
enemy,inimigo
battle,batalha
ourselves,nós mesmos
alex,Alex
dollars,dólares
allow,permitir
nine,nove
gay,gay
department,departamento
guilty,culpado
apart,separado
earlier,mais cedo
duty,obrigação
jim,Jim
suit,terno
bell,sino
west,oeste
legs,pernas
hero,herói
destroy,destruir
stage,estágio
bunch,monte
according,de acordo com
chicken,frango
bigger,maior
grunting,grunhindo
low,baixo
helping,ajudando
admit,admitir
closed,fechado
names,nomes
witness,testemunha
upstairs,lá em cima
arm,braço
steal,roubar
jimmy,Jimmy
kick,chute
twice,duas vezes
cross,cruzar
ways,caminhos
sergeant,sargento
indeed,de fato
gas,gás
keeping,mantendo
energy,energia
pregnant,grávida
waste,desperdício
helped,ajudou
fired,despedido
favorite,favorito
tony,Tony
taste,gosto
locked,trancado
places,lugares
writing,escrita
brothers,irmãos
starts,começa
prince,príncipe
form,forma
sold,vendido
silly,bobagem
mention,menção
build,construir
throat,garganta
hole,buraco
figured,figurado
track,acompanhar
lock,trancar
leg,perna
above,acima
hiding,escondido
steve,Steve
seemed,pareceu
breakfast,café da manhã
engine,motor
written,escrito
complete,completo
video,vídeo
applause,aplausos
however,no entanto
pressure,pressão
fresh,fresco
weapon,arma
sky,céu
ms.,EM.
stole,roubou
study,estudar
burn,queimar
reading,leitura
crowd,multidão
treat,tratar
roll,rolar
double,dobro
spirit,espírito
danger,perigo
cost,custo
empty,vazio
level,nível
memory,memória
itself,em si
acting,atuando
interest,interesse
nose,nariz
plans,planos
following,seguindo
bathroom,banheiro
built,construído
closer,mais perto
ray,raio
sarah,Sarah
band,banda
groans,gemidos
apparently,aparentemente
excited,excitado
richard,Ricardo
losing,perdendo
animals,animais
flight,voo
nature,natureza
raise,elevação
pop,pop
client,cliente
bomb,bomba
neck,pescoço
suspect,suspeito
warm,esquentar
extra,extra
bottle,garrafa
van,van
heavy,pesado
mommy,mamãe
dogs,cães
wild,selvagem
ridiculous,ridículo
simply,simplesmente
lee,Lee
animal,animal
showed,mostrou
billy,Billy
shooting,tiroteio
keeps,mantém
camp,acampar
guns,armas
medical,médico
shame,vergonha
hoping,esperançoso
whom,a quem
bird,pássaro
majesty,majestade
flowers,flores
famous,famoso
asleep,dormindo
beauty,beleza
driver,motorista
keys,chaves
rain,chuva
awful,horrível
large,grande
local,local
deserve,merecer
goddamn,caralho
stone,pedra
jane,Jane
grace,graça
consider,considerar
weekend,fim de semana
wondering,imaginando
lay,deitar
plenty,bastante
willing,disposto
pants,calça
sweetheart,querido
skin,pele
excellent,excelente
asshole,Idiota
beach,praia
c,c
faith,fé
beg,implorar
fuckin,foda-se
responsible,responsável
military,militares
cheering,aplaudindo
opportunity,oportunidade
common,comum
bottom,fundo
german,alemão
whoever,quem quer que seja
cook,cozinhar
walked,caminhou
papers,documentos
justice,justiça
hall,salão
commander,comandante
drug,medicamento
main,principal
knife,faca
devil,diabo
necessary,necessário
although,embora
princess,princesa
lights,luzes
flying,vôo
dick,pau
rose,rosa
knowing,sabendo
clearly,claramente
hat,chapéu
agreed,acordado
johnny,Johnny
corner,canto
code,código
note,observação
tommy,Tommy
due,devido
correct,correto
apologize,desculpar-se
language,linguagem
stars,estrelas
faster,mais rápido
cars,carros
folks,pessoas
bullshit,besteira
i.,eu.
fellow,amigo
several,diversos
grandma,avó
shows,mostra
leader,líder
leaves,folhas
restaurant,restaurante
east,leste
shouting,gritando
blind,cego
ghost,fantasma
cup,xícara
gotten,pego
tight,apertado
conversation,conversa
tells,conta
lies,mentiras
nor,nem
pulled,retirado
hanging,pendurado
speed,velocidade
stories,histórias
health,saúde
advice,conselho
held,mantido
uh-huh,aham
murdered,assassinado
beyond,além
rule,regra
hardly,dificilmente
inspector,inspetor
cousin,primo
trial,julgamento
emergency,emergência
ought,deveria
eddie,Eddie
somehow,de alguma forma
hearing,audição
states,estados
account,conta
spoke,falou
file,arquivo
understood,entendido
angel,anjo
tape,fita
milk,leite
powerful,poderoso
weapons,armas
practice,prática
manager,gerente
pardon,perdão
vote,voto
jake,Jake
national,nacional
career,carreira
minister,ministro
super,super
taught,ensinado
robert,Robert
biggest,o maior
plays,peças
natural,natural
dancing,dança
copy,cópia
plus,mais
martin,Martin
cake,bolo
freedom,liberdade
among,entre
breath,respiração
operation,operação
chris,Chris
crew,equipe
challenge,desafio
market,mercado
meat,carne
towards,em direção a
dropped,derrubado
student,estudante
lied,mentiu
strength,força
size,tamanho
breathe,respirar
color,cor
monster,monstro
loud,alto
photo,foto
aw,aw
nearly,aproximadamente
sight,visão
greatest,o melhor
games,jogos
bridge,ponte
dressed,vestido
arrested,preso
horrible,horrível
coach,treinador
planning,planejamento
checked,verificado
breaking,quebra
noticed,percebido
fantastic,fantástico
screams,gritos
serve,servir
ideas,ideias
investigation,investigação
center,centro
older,mais velho
pack,pacote
soldiers,soldados
nonsense,besteira
doc,documento
project,projeto
training,treinamento
example,exemplo
trick,truque
prepared,preparado
science,ciência
united,unido
travel,viagem
incredible,incrível
grandpa,avô
paying,pagando
character,personagem
teeth,dentes
criminal,criminal
charles,Charles
chinese,chinês
truly,verdadeiramente
honestly,honestamente
bro,irmão
survive,sobreviver
bobby,Bobby
target,alvo
feed,alimentar
nurse,enfermeira
e,e
fake,falso
records,registros
breathing,respirando
sweetie,docinho
numbers,números
oil,óleo
suicide,suicídio
belong,pertencer
whoo,uau
perfectly,perfeitamente
amy,Amy
forgotten,esquecido
remain,permanecer
original,original
papa,papai
onto,para
concerned,preocupado
credit,crédito
ugh,eca
invited,convidado
discuss,discutir
research,pesquisar
easier,mais fácil
view,visualizar
chair,cadeira
hurts,machuca
strike,batida
roger,Roger
fill,preencher
condition,doença
mountain,montanha
dr,doutor
nowhere,em lugar nenhum
sheriff,xerife
kim,Kim
turning,virando
brown,marrom
recognize,reconhecer
heads,cabeças
audience,público
all,todos
jealous,ciúmes
pretend,fingir
society,sociedade
finding,descoberta
shirt,camisa
comfortable,confortável
meaning,significado
guest,convidado
pieces,peças
dry,seco
letting,permitindo
began,começou
aye,Sim
jeff,Jeff
female,fêmea
release,liberar
ho,ho
cards,cartas
pray,rezar
unfortunately,infelizmente
balls,bolas
destroyed,destruído
ended,terminado
universe,universo
prepare,preparar
opinion,opinião
movies,filmes
soldier,soldado
wash,lavar
program,programa
heat,aquecer
usual,normalmente
ticket,bilhete
stolen,roubado
prefer,preferir
aware,consciente
surely,certamente
male,macho
base,base
matters,assuntos
lift,elevador
lab,laboratório
command,comando
proof,prova
cream,creme
selling,vendendo
believed,acreditado
create,criar
h,h
afford,dispor
sunday,Domingo
total,total
dumb,burro
threw,jogou
france,França
birth,aniversário
created,criado
realized,percebeu
british,britânico
noise,barulho
nuts,nozes
students,estudantes
birds,pássaros
social,social
brilliant,brilhante
bodies,corpos
tie,gravata
opened,aberto
ours,nosso
bucks,dólares
kevin,Kevin
mister,senhor
ugly,feio
ryan,Ryan
focus,foco
dan,dan
opens,abre
exist,existem
followed,seguido
england,Inglaterra
draw,empate
purpose,propósito
letters,cartas
daniel,Daniel
opening,abertura
bullet,bala
anna,Ana
lately,ultimamente
stayed,ficou
falling,caindo
season,temporada
ends,termina
suggest,sugerir
joy,alegria
distance,distância
responsibility,responsabilidade
whenever,em qualquer momento
issue,emitir
thousands,milhares
process,processo
sword,espada
shower,banho
weak,fraco
fucked,foda-se
lonely,sozinho
happiness,felicidade
eric,Eric
tiny,pequeno
desk,mesa
pool,piscina
property,propriedade
forced,forçado
settle,resolver
indistinct,indistinto
weight,peso
received,recebido
gang,gangue
bite,morder
friday,sexta-feira
disappeared,desaparecido
interview,entrevista
expecting,esperando
kinda,tipo
surgery,cirurgia
horses,cavalos
mayor,prefeito
babe,bebê
ancient,ancestral
handsome,bonito
thomas,Thomas
saturday,sábado
staff,funcionários
lines,linhas
unit,unidade
fan,fã
gentleman,cavalheiro
introduce,introduzir
fate,destino
split,dividir
recently,recentemente
expected,esperado
add,adicionar
ordered,pedido
slowly,devagar
alarm,alarme
member,membro
slept,dormiu
signed,assinado
enter,digitar
spanish,espanhol
garden,jardim
brings,traz
brave,corajoso
pig,porco
model,modelo
finger,dedo
medicine,medicamento
access,acesso
failed,fracassado
flat,plano
easily,facilmente
discovered,descoberto
based,baseado
screw,parafuso
insane,insano
cares,cuida
weather,clima
fingers,dedos
san,san
scott,Scott
path,caminho
soft,macio
harm,ferir
style,estilo
community,comunidade
sees,vê
basically,basicamente
al,al
signal,sinal
nope,não
spare,poupar
speech,discurso
covered,abordado
shake,sacudir
loose,solto
snow,neve
russian,russo
lake,lago
bright,brilhante
roof,teto
ohh,ohh
sending,enviando
paint,pintar
remind,lembrar
pal,amigo
naked,nu
post,publicar
sugar,açúcar
heading,cabeçalho
streets,ruas
damage,dano
silence,silêncio
doors,portas
pete,Pete
ed,ed
success,sucesso
wet,molhado
nah,não
amount,quantia
members,membros
kate,Kate
manage,gerenciar
safety,segurança
returned,devolvido
harder,mais difícil
fbi,FBI
block,bloquear
showing,mostrando
fancy,chique
chef,chef
contract,contrato
dig,escavação
chest,peito
good-bye,adeus
drinks,bebidas
dave,Dave
buried,enterrado
brian,Brian
trade,troca
journey,jornada
stomach,estômago
changes,mudanças
details,detalhes
thoughts,pensamentos
divorce,divórcio
funeral,funeral
maria,Maria
football,futebol
reality,realidade
theory,teoria
gosh,poxa
ruined,arruinado
gate,portão
william,William
spread,espalhar
outta,fora de
japanese,japonês
sudden,repentino
coat,casaco
sooner,mais cedo
cheese,queijo
larry,Larry
spring,primavera
page,página
ears,ouvidos
simon,simão
castle,castelo
hidden,escondido
storm,tempestade
cos,cos
personally,pessoalmente
artist,artista
hill,colina
exciting,excitante
permission,permissão
jerry,Jerry
expensive,caro
tickets,ingressos
forest,floresta
barely,por muito pouco
eggs,ovos
goin,indo
regret,arrependimento
lesson,lição
lover,amante
bread,pão
andy,Andy
subject,assunto
legal,jurídico
growing,crescente
ill,doente
jason,Jason
mood,humor
owner,proprietário
caused,causado
beeping,bip
points,pontos
dating,namorando
loss,perda
secretary,secretário
revenge,vingança
santa,Papai Noel
likely,provável
rent,aluguel
connection,conexão
assistant,assistente
reasons,razões
yelling,gritando
painting,pintura
trees,árvores
doctors,médicos
rush,correr
foreign,estrangeiro
rough,duro
murderer,assassino
century,século
nights,noites
pair,par
runs,corridas
pocket,bolso
farm,fazenda
matt,fosco
bike,bicicleta
obvious,óbvio
ate,comeu
grew,cresceu
professional,profissional
tim,tim
goodness,bondade
parts,peças
alan,Alan
university,universidade
square,quadrado
grandfather,avô
europe,Europa
genius,gênio
cases,casos
ruin,ruína
winter,inverno
tongue,língua
memories,memórias
da,da
buying,comprando
cancer,Câncer
clock,relógio
ocean,oceano
dna,DNA
liar,mentiroso
tour,percorrer
thief,ladrão
bleep,bip
lisa,lisa
rights,direitos
including,incluindo
competition,concorrência
smith,Smith
planned,planejado
emily,Emily
boring,tedioso
victims,vítimas
mentioned,mencionado
bones,ossos
plant,plantar
bless,abençoar
warning,aviso
knocking,batendo
re,ré
crash,colidir
bedroom,quarto
lower,mais baixo
silver,prata
groaning,gemendo
madame,madame
defense,defesa
toilet,banheiro
event,evento
complicated,complicado
shape,forma
priest,padre
royal,real
cheap,barato
romantic,romântico
downstairs,andar de baixo
invite,convidar
fortune,fortuna
tears,lágrimas
avoid,evitar
reached,alcançado
higher,mais alto
familiar,familiar
telephone,telefone
burning,queimando
filled,preenchido
kelly,Kelly
alice,Alice
airport,aeroporto
jobs,empregos
grown,crescido
walter,Walter
rachel,Rachel
giant,gigante
insurance,seguro
woods,floresta
n,n
scare,susto
pleased,satisfeito
period,período
political,político
player,jogador
stops,para
secrets,segredos
laura,Laura
repeat,repita
photos,fotos
finds,encontra
statement,declaração
suck,é uma merda
younger,mais jovem
china,China
humans,humanos
delicious,delicioso
particular,especial
proper,apropriado
rome,Roma
belongs,pertence
attacked,atacado
bath,banho
hired,contratado
site,site
knowledge,conhecimento
b,b
led,liderado
guests,convidados
celebrate,celebrar
map,mapa
horn,buzina
eventually,eventualmente
pity,pena
powers,poderes
ashamed,envergonhado
assume,assumir
glasses,copos
rise,ascender
fixed,fixo
request,solicitar
officers,policiais
pounds,libras
data,dados
carefully,com cuidado
per,por
depends,depende
jury,júri
waited,esperou
positive,positivo
attorney,advogado
direction,direção
families,famílias
clock,relógio
doin,fazendo
forces,forças
location,localização
walls,paredes
useless,inútil
grant,conceder
saving,economia
speaks,fala
fought,disputado
meal,refeição
deliver,entregar
answers,respostas
changing,mudando
temple,templo
scary,apavorante
millions,milhões
offered,oferecido
regular,regular
carrying,carregando
official,oficial
jacket,jaqueta
switch,trocar
grave,cova
chase,perseguir
role,papel
odd,chance
sexy,sexy
faces,rostos
becomes,torna-se
closes,fecha
badly,seriamente
tall,alto
confused,confuso
affair,assunto
shock,choque
raised,criado
panting,ofegante
pizza,pizza
image,imagem
clears,limpa
golden,dourado
patients,pacientes
watched,assistido
committed,empenhado
sexual,sexual
suffer,sofrer
arthur,arturo
wherever,onde quer que
plate,placa
appear,aparecer
chocolate,chocolate
clever,esperto
hm,hm
mercy,misericórdia
shots,tiros
lucy,Lucy
dealing,tratativa
trap,armadilha
charges,cobranças
phil,phil
bang,bang
poison,tóxico
butt,bunda
drove,dirigiu
yourselves,vocês mesmos
headed,dirigido
babies,bebês
yellow,amarelo
soup,sopa
mystery,mistério
picking,escolhendo
sat,sentado
wound,ferimento
traffic,tráfego
courage,coragem
hunt,caçar
indian,indiano
rat,rato
terms,termos
italian,italiano
emma,Emma
checking,verificando
disease,doença
managed,gerenciou
winner,ganhador
council,conselho
appointment,encontro
monday,segunda-feira
crack,rachadura
threat,ameaça
jenny,Jenny
physical,físico
nation,nação
source,fonte
chose,escolheu
healthy,saudável
carl,Carl
victory,vitória
rick,Rick
stood,permaneceu
kicked,chutado
annie,Annie
disgusting,nojento
palace,palácio
below,abaixo
shopping,compras
neighborhood,vizinhança
march,marchar
lips,lábios
midnight,meia-noite
piss,mijo
advantage,vantagem
pure,puro
india,Índia
aside,aparte
jerk,idiota
mail,correspondência
dawn,alvorecer
effect,efeito
spell,soletrar
freak,doido
wood,madeira
screwed,parafusado
enemies,inimigos
gary,Gary
awake,acordado
chuckling,rindo
vacation,férias
violence,violência
leo,Leão
grandmother,avó
modern,moderno
luke,Lucas
firm,empresa
prime,melhor
heh,hehe
touched,tocado
talent,talento
whore,prostituta
piano,piano
license,licença
cooking,culinária
honour,honra
concern,preocupação
moves,movimentos
available,disponível
factory,fábrica
gods,deuses
value,valor
central,central
union,união
mirror,espelho
studio,estúdio
media,mídia
taxi,Táxi
dies,morre
iron,ferro
hearts,corações
desire,desejo
rob,roubar
claire,claire
fred,Fred
songs,músicas
washington,Washington
monkey,macaco
pride,orgulho
pills,comprimidos
miracle,milagre
swim,nadar
burned,queimado
smells,cheiros
joking,brincando
christian,cristão
bleeding,sangramento
hook,gancho
beating,batendo
protection,proteção
treatment,tratamento
ear,orelha
carter,carter
metal,metal
disappear,desaparecer
grateful,grato
extremely,extremamente
treasure,tesouro
rescue,resgatar
capable,capaz
passing,passagem
chatter,tagarelice
result,resultado
suffering,Sofrimento
sisters,irmãs
laid,disposto
governor,governador
guards,guardas
louis,Luís
text,texto
literally,literalmente
remove,remover
becoming,tornando-se
performance,desempenho
stronger,mais forte
rate,avaliar
deeply,profundamente
scream,gritar
desert,deserto
vehicle,veículo
illegal,ilegal
pulling,puxando
throwing,arremessando
josh,Josh
unbelievable,inacreditável
ted,Ted
zero,zero
dean,decano
curious,curioso
sean,Sean
candy,doce
bone,osso
tied,ligado
edge,borda
load,carregar
susan,Susan
ahh,ahh
mountains,montanhas
boom,boom
former,antigo
holiday,feriado
riding,cavalgando
scoffs,zomba
hundreds,centenas
motherfucker,filho da puta
sue,processar
bags,bolsas
stealing,roubo
appears,aparece
arrive,chegar
remains,restos
decent,decente
issues,problemas
tip,dica
fail,falhar
bride,noiva
pissed,puto
penny,centavo
claim,alegar
friendship,amizade
desperate,desesperado
flower,flor
dramatic,dramático
refuse,recusar
solve,resolver
theme,tema
loving,amando
properly,apropriadamente
dragon,dragão
mostly,majoritariamente
chuck,mandril
directly,diretamente
surface,superfície
false,falso
cast,elenco
junior,júnior
hunting,caça
silent,silencioso
thou,porém
egg,ovo
germany,Alemanha
punch,soco
africa,África
woke,despertou
intelligence,inteligência
borrow,emprestar
winning,vitória
falls,quedas
popular,popular
escaped,escapou
witch,bruxa
convinced,convencido
warn,avisar
announcer,locutor
champagne,champanhe
dust,pó
kyle,Kyle
someday,algum dia
fallen,caído
stranger,estranho
presence,presença
tear,rasgar
st.,santo.
internet,Internet
monsieur,senhor
therefore,portanto
technology,tecnologia
tires,pneus
toast,brinde
wise,sábio
clark,Clark
americans,americanos
notes,notas
smoking,fumar
hank,Hank
ls,ls
april,abril
wolf,lobo
precious,precioso
rooms,quartos
coast,costa
treated,tratado
material,material
released,lançado
uniform,uniforme
hated,odiado
considered,considerado
rice,arroz
exchange,intercâmbio
steps,passos
blake,Blake
convince,convencer
beast,besta
cow,vaca
files,arquivos
signs,sinais
drag,arrastar
cab,táxi
hung,pendurado
carried,carregou
ordinary,ordinário
successful,bem-sucedido
eve,véspera
mistakes,erros
houses,casas
chattering,tagarela
brains,cérebros
japan,Japão
creature,criatura
fourth,quarto
separate,separar
cleaning,limpeza
california,Califórnia
lf,lf
ll,ll
shift,mudança
elizabeth,Elizabeth
chicago,Chicago
exact,exato
karen,Karen
goal,meta
expert,especialista
served,servido
direct,direto
score,pontuação
row,linha
marks,marcas
twenty,vinte
receive,receber
series,série
section,seção
pilot,piloto
jackson,Jackson
darkness,escuridão
thy,teus
sale,oferta
destiny,destino
cure,cura
spoken,falado
armed,armado
rare,cru
helen,Helena
grade,nota
juice,suco
wide,largo
tower,torre
solution,solução
schedule,agendar
explosion,explosão
wheel,roda
cigarette,cigarro
julie,Julie
fruit,fruta
blew,soprou
victor,vencedor
talks,conversas
sacrifice,sacrifício
range,faixa
button,botão
reports,relatórios
prisoner,prisioneiro
pie,torta
effort,esforço
youth,juventude
pot,panela
eaten,comido
taylor,Taylor
knees,joelhos
garage,garagem
parking,estacionamento
ambulance,ambulância
staring,olhando fixamente
chances,chances
circumstances,circunstâncias
sin,pecado
gordon,Gordon
progress,progresso
unusual,incomum
county,condado
stairs,escadaria
campaign,campanha
mon,seg
vision,visão
reporter,repórter
equipment,equipamento
moments,momentos
joey,Joey
mass,massa
alien,estrangeiro
trapped,encurralado
helps,ajuda
route,rota
defend,defender
trace,traço
nasty,nojento
tests,testes
magazine,revista
rocks,rochas
dump,jogar fora
rude,rude
searching,pesquisando
clue,dica
connected,conectado
amen,Amém
pushed,empurrado
merry,alegre
zone,zona
senior,sênior
closing,encerramento
freeze,congelar
emperor,imperador
incident,incidente
snake,cobra
mexico,México
lily,lírio
actor,ator
newspaper,jornal
sentence,frase
greg,Greg
leading,principal
friendly,amigável
jones,Jones
chosen,escolhido
engaged,noivo
julia,Júlia
charming,encantador
mustn,deve
anger,raiva
spending,gastos
learning,aprendizado
spy,espião
sharp,afiado
shadow,sombra
warrant,mandado
elevator,elevador
kingdom,reino
ricky,Ricky
jamie,Jamie
squad,esquadrão
shoulder,ombro
wave,aceno
amanda,Amanda
highness,alteza
kinds,tipos
fishing,pesca
sometime,algum dia
attitude,atitude
sucks,é uma droga
negative,negativo
screen,tela
workers,trabalhadores
bored,entediado
cameras,câmeras
similar,semelhante
understanding,entendimento
beeps,bipes
chain,corrente
bull,touro
gasping,ofegante
fully,completamente
robin,pisco-de-peito-ruivo
collect,coletar
gorgeous,maravilhoso
morgan,Morgan
passion,paixão
writer,escritor
empire,império
international,internacional
curse,xingamento
hire,contratar
bastards,bastardos
puts,coloca
leads,pistas
id,eu ia
blows,golpes
sons,filhos
estate,propriedade
customers,clientes
maggie,Maggie
gunshot,tiro
i-,eu-
device,dispositivo
troops,tropas
hug,abraço
design,projeto
movement,movimento
thunder,trovão
object,objeto
loser,perdedor
pen,caneta
sobbing,soluçando
politics,política
despite,apesar de
alcohol,álcool
climb,escalar
clients,clientes
conference,conferência
provide,fornecer
marty,mártir
seek,procurar
witnesses,testemunhas
earn,ganhar
trash,lixo
valley,vale
fashion,moda
howard,Howard
episode,episódio
prize,prêmio
previously,anteriormente
sports,esportes
wanting,querendo
debt,dívida
wishes,desejos
hitler,Hitler
wire,arame
thee,te
circle,círculo
approach,abordagem
stock,estoque
facts,fatos
remembered,lembrado
percent,por cento
normally,normalmente
tail,cauda
joined,ingressou
education,educação
bravo,bravo
library,biblioteca
rape,estupro
wings,asas
growling,rosnando
thrown,arremessado
tank,tanque
exhales,expira
authority,autoridade
current,atual
failure,falha
nightmare,pesadelo
hitting,batendo
glory,glória
knocked,bateu
studying,estudo
barry,Barry
agency,agência
apple,maçã
border,fronteira
rope,corda
duck,pato
reputation,reputação
confidence,confiança
yard,quintal
beloved,amado
lack,falta
actual,real
skills,habilidades
films,filmes
mental,mental
salt,sal
flesh,carne
anne,Ana
secure,seguro
highly,altamente
federal,federal
sand,areia
emotional,emocional
setting,contexto
nothin,nada
senator,senador
services,serviços
robbery,roubo
hates,odeia
fed,alimentado
reward,recompensa
theater,teatro
johnson,Johnson
commit,comprometer-se
patrick,Patrick
entirely,inteiramente
extraordinary,extraordinário
ships,navios
opposite,oposto
parties,festas
stands,estantes
terry,Terry
chat,bater papo
events,eventos
mummy,múmia
bay,baía
slip,escorregar
disappointed,decepcionado
settled,assentou
begins,começa
andrew,André
alert,alerta
detail,detalhe
pink,rosa
fellas,pessoal
accepted,aceito
background,fundo
garbage,lixo
panic,pânico
minds,mentes
belt,cinto
blowing,sopro
hollywood,Hollywood
agreement,acordo
jackie,Jackie
pushing,empurrando
ability,habilidade
tiger,tigre
whispering,sussurrando
culture,cultura
saint,santo
jesse,Jesse
task,tarefa
solid,sólido
doll,boneca
intend,pretende
district,distrito
pa,pa
gee,nossa
custody,custódia
ignore,ignorar
naturally,naturalmente
useful,útil
attempt,tentar
abandoned,abandonado
cutting,corte
kissed,beijou
guarantee,garantia
barking,latindo
gather,juntar
policy,política
u.s.,nós.
violent,violento
maid,empregada doméstica
embarrassing,embaraçoso
childhood,infância
wasting,desperdiçando
bow,arco
chick,pintinho
sara,Sara
disaster,desastre
revolution,revolução
online,on-line
f,f
demon,demônio
heavily,fortemente
coincidence,coincidência
perform,executar
thin,afinar
terrific,maravilhoso
mac,Mac
crown,coroa
identity,identidade
virgin,virgem
impressive,impressionante
windows,Windows
no-one,ninguém
potential,potencial
guitar,guitarra
committee,comitê
dozen,dúzia
delivery,entrega
advance,avançar
quietly,silenciosamente
stan,Stan
teaching,ensino
hunter,caçador
latest,mais recente
hurting,machucando
swing,balanço
capital,capital
counting,contando
drew,atraiu
dirt,sujeira
whistle,assobiar
marie,Maria
hits,sucessos
doug,Doug
deny,negar
urgent,urgente
threatened,ameaçado
behavior,comportamento
molly,Molly
mixed,misturado
stays,estadias
assure,assegurar
subtitles,legendas
explanation,explicação
wins,vitórias
unique,exclusivo
chasing,perseguindo
billion,bilhões
duke,duque
production,produção
slave,escravo
agents,agentes
carol,canção
lets,vamos
cruel,cruel
mask,máscara
sally,Sally
behave,comportar-se
bury,enterrar
massive,enorme
pathetic,patético
species,espécies
approaching,aproximando
jo,jo
loan,empréstimo
struggle,luta
dish,prato
trusted,confiável
jumped,pulou
firing,disparo
channel,canal
abby,abby
stopping,parando
asks,pergunta
jean,jeans
swimming,natação
daily,diário
basement,porão
linda,Linda
quarter,trimestre
erm,hum
bound,vinculado
navy,marinha
article,artigo
guide,guia
accused,acusado
transfer,transferir
guts,estômago
quality,qualidade
fella,cara
roman,romano
greater,maior
damned,maldito
couch,sofá
cheer,alegrar
vegas,Las Vegas
shoe,sapato
title,título
shy,tímido
punishment,punição
los,los
clicks,cliques
you,você
closet,armário
bye-bye,Bye Bye
fever,febre
coward,covarde
flash,clarão
impressed,impressionado
bruce,Bruce
siren,sirene
prisoners,prisioneiros
sides,lados
bowl,tigela
katie,Katie
supply,fornecer
sensitive,confidencial
hopefully,esperançosamente
rolling,rolando
roy,Roy
dollar,dólar
tone,tom
voices,vozes
g,g
i,eu
cheating,trapaceando
confess,confessar
demand,demanda
museum,museu
unknown,desconhecido
drama,drama
suspicious,suspeito
adult,adulto
todd,todd
frightened,com medo
warned,avisou
steady,estável
kills,mata
crossed,cruzado
lou,lou
particularly,particularmente
sandwich,sanduíche
laws,leis
joint,articulação
bullets,balas
package,pacote
trained,treinado
thursday,quinta-feira
boots,botas
possibility,possibilidade
albert,Alberto
civil,civil
june,junho
germans,alemães
baseball,beisebol
express,expressar
miserable,miserável
tuesday,terça-feira
parker,Parker
lion,leão
joseph,José
refused,recusado
shine,brilhar
assault,assalto
hong,Hong Kong
jokes,piadas
breaks,pausas
argue,discutir
you-,você-
trail,trilha
option,opção
recall,lembrar
mighty,poderoso
collection,coleção
oliver,Oliver
wilson,Wilson
accent,sotaque
believes,acredita
decisions,decisões
embarrassed,envergonhado
mobile,móvel
customer,cliente
terribly,terrivelmente
sec,seg
charity,caridade
considering,considerando
pussy,bichano
donna,Dona
protecting,protegendo
flag,bandeira
kidnapped,sequestrado
italy,Itália
balance,equilíbrio
creatures,criaturas
nuclear,nuclear
wallet,carteira
shout,gritar
vincent,Vicente
entered,entrou
impression,impressão
angela,Ângela
jay,Jay
degrees,graus
favour,favor
reaction,reação
network,rede
jessica,Jéssica
version,versão
concert,concerto
gear,engrenagem
singer,cantor
diamond,diamante
defeat,derrota
lane,faixa
blast,explosão
wounded,feridos
anytime,a qualquer momento
partners,parceiros
ages,idades
charlotte,Charlotte
ceremony,cerimônia
league,liga
bars,bares
orange,laranja
specific,específico
conditions,condições
plastic,plástico
crisis,crise
fifth,quinto
term,prazo
self,auto
offering,oferta
bud,botão
suffered,sofreu
reported,relatado
commissioner,comissário
rip,rasgar
mysterious,misterioso
entrance,Entrada
messed,bagunçado
tunnel,túnel
designed,projetado
neighbor,vizinho
aboard,a bordo
sweat,suor
justin,Justin
ghosts,fantasmas
crimes,crimes
costs,custos
deserves,merece
dreaming,sonhando
bust,busto
el,el
teddy,ursinho
kong,Kong
messages,mensagens
enjoying,curtindo
afterwards,após
comfort,conforto
mason,pedreiro
surrender,render
gym,academia
kitty,gatinho
crush,crush
yup,sim
arranged,organizado
suits,se adequa
pee,urina
stress,estresse
cave,caverna
wing,asa
jordan,Jordânia
arrange,arranjo
comrade,camarada
noble,nobre
tricks,truques
betty,Betty
launch,lançar
legend,lenda
mix,mistura
golf,golfe
imagination,imaginação
fox,raposa
kissing,beijo
butter,manteiga
tax,imposto
gross,bruto
edward,Eduardo
texas,Texas
insist,insistir
marcus,Marcus
classic,clássico
selfish,egoísta
skull,crânio
frankie,Frankie
shown,mostrado
bat,bastão
survived,sobreviveu
print,imprimir
champion,campeão
bills,contas
therapy,terapia
lifetime,vida
throughout,por todo
a.m.,sou.
nathan,Nathan
toward,na direção
sauce,molho
experiment,experimentar
margaret,Margaret
describe,descrever
ross,Ross
grass,grama
cheat,trair
attend,participar
homework,trabalho de casa
lewis,Lewis
betrayed,traído
servant,servo
cap,boné
tyler,Tyler
bible,Bíblia
practically,praticamente
catherine,Catarina
steel,aço
wipe,limpar
burns,queimaduras
j,j
generation,geração
cabin,cabine
financial,financeiro
industry,indústria
bond,ligação
sheep,ovelha
scientists,cientistas
beaten,espancado
heck,diabos
deck,deck
fans,fãs
script,roteiro
brand,marca
degree,grau
painful,doloroso
coughing,tosse
religion,religião
cats,gatos
stephen,Stephen
influence,influência
fuel,combustível
drawing,desenho
uh-oh,"Ih, rapaz!"
rabbit,coelho
exercise,exercício
attractive,atraente
touching,tocando
virus,vírus
realise,entender
torture,tortura
blessed,abençoado
plain,simples
rebecca,Rebecca
recent,recente
barbara,barbara
footsteps,passos
sacred,sagrado
removed,removido
pretending,fingindo
wasted,desperdiçado
jewish,judaico
goodnight,boa noite
robot,robô
crystal,cristal
confirm,confirmar
lad,rapaz
mile,milha
division,divisão
scratch,arranhar
reminds,lembra
walks,caminhadas
ending,final
russia,Rússia
contest,contestar
valuable,de valor
distant,distante
dumped,jogado fora
motion,movimento
electricity,eletricidade
centre,centro
murders,assassinatos
tina,Tina
jeremy,Jeremy
seal,selo
standard,padrão
ellen,Ellen
wore,vestiu
surrounded,cercado
struck,chocado
inform,informar
gentle,gentil
status,status
purse,bolsa
prints,impressões
players,jogadores
charged,cobrado
begging,implorando
delivered,entregue
kenny,Kenny
buck,veado
nina,Nina
construction,construção
confirmed,confirmado
confession,confissão
trigger,acionar
cells,células
frankly,francamente
ali,ali
exit,saída
response,resposta
cancel,cancelar
argument,argumento
principal,principal
turkey,peru
lucas,Lucas
clinic,clínica
greetings,saudações
neighbors,vizinhos
vice,vice
toy,brinquedo
hannah,Hannah
everyday,diariamente
generous,generoso
gain,ganho
idiots,idiotas
holly,azevinho
enjoyed,curtiu
jungle,selva
link,link
underground,subterrâneo
smiling,sorrindo
mistress,amante
teams,equipes
product,produto
beef,carne bovina
whispers,sussurros
religious,religioso
presents,apresenta
identify,identificar
chip,chip
chffffff,chffffff
surveillance,vigilância
carlos,Carlos
vampire,vampiro
routine,rotina
uses,usa
michelle,Michelle
underneath,debaixo de
systems,sistemas
temperature,temperatura
waves,ondas
tribe,tribo
brad,Brad
deputy,vice
sophie,Sofia
headquarters,sede
equal,igual
phones,telefones
ken,Ken
reckon,considerar
related,relacionado
incredibly,incrivelmente
chill,frio
spit,saliva
tracks,faixas
oscar,Oscar
makeup,inventar
bug,erro
sounded,soou
spirits,espíritos
nerve,nervo
divorced,divorciado
stake,estaca
port,porta
doorbell,campainha
worries,preocupações
nephew,sobrinho
miller,moleiro
units,unidades
just-,apenas-
proceed,prosseguir
landing,pousar
traitor,traidor
outfit,roupa
chloe,Chloe
bail,fiança
fields,campos
patience,paciência
recording,gravação
foolish,tolice
loaded,carregado
tokyo,Tóquio
davis,Davis
costume,fantasia
wayne,Wayne
injured,ferido
somethin,alguma coisa
ian,Ian
pet,bicho de estimação
cage,jaula
digging,escavação
spain,Espanha
seats,assentos
awkward,estranho
cleaned,limpo
pattern,padrão
filthy,imundo
visiting,visitando
jews,judeus
answering,respondendo
concentrate,concentrado
someplace,algum lugar
citizens,cidadãos
aim,mirar
nancy,Nancy
affairs,assuntos
thick,espesso
sport,esporte
basic,básico
electric,elétrico
pleasant,prazeroso
cliff,penhasco
nail,unha
russell,Russell
environment,ambiente
western,ocidental
average,média
ease,facilidade
raped,estuprada
interrupt,interromper
judy,Judy
satisfied,satisfeito
beep,bip
starving,morrendo de fome
documents,documentos
anniversary,aniversário
election,eleição
warrior,guerreiro
r,r
forth,adiante
fetch,buscar
banks,bancos
placed,colocado
timing,tempo
stones,pedras
complex,complexo
frozen,congelado
replace,substituir
prayer,oração
skip,pular
angeles,anjos
guilt,culpa
tune,melodia
woo,uau
actions,ações
conscience,consciência
officially,oficialmente
martha,marta
machines,máquinas
smaller,menor
determined,determinado
blown,soprado
hail,saudação
unhappy,infeliz
booth,cabine
pour,derramar
berlin,Berlim
cleared,limpo
packed,embalado
wrap,enrolar
randy,randy
behalf,em nome de
reasonable,razoável
trunk,porta-malas
homes,casas
festival,festival
tradition,tradição
cigarettes,cigarros
le,le
beside,ao lado
harvey,Harvey
motive,motivo
beings,seres
bishop,bispo
dealer,distribuidor
defendant,réu
backup,backup
wounds,ferimentos
ouch,ai!
ann,anna
nearby,próximo
drank,bebido
effects,efeitos
jonathan,Jonathan
dennis,Dennis
benefit,beneficiar
adventure,aventura
p,p
territory,território
ve,ve
apology,desculpa
dylan,Dylan
unlike,diferente
owns,possui
boxes,caixas
thus,por isso
clay,argila
developed,desenvolvido
busted,pego
pipe,cano
gray,cinza
no.,não.
goods,bens
favourite,favorito
salad,salada
loyal,leal
atmosphere,atmosfera
eva,eva
freaking,caralho
dropping,caindo
strangers,estranhos
mouse,rato
downtown,centro da cidade
francisco,Francisco
heroes,heróis
pit,poço
rotten,podre
paradise,paraíso
meantime,enquanto isso
jess,Jess
organization,organização
hills,colinas
exam,exame
cock,galo
fairy,fada
earl,conde
comment,comentário
activity,atividade
frame,quadro
knight,cavaleiro
testing,testes
habit,hábito
shelter,abrigo
flow,fluxo
jennifer,Jennifer
holes,buracos
prevent,evitar
anthony,Antônio
lend,emprestar
cooper,tanoeiro
figures,figuras
boston,boston
sample,amostra
strip,tira
landed,pousado
buzzing,zumbido
monk,monge
slightly,um pouco
produce,produzir
annoying,chato
judgment,julgamento
laundry,lavanderia
ron,ron
lousy,péssimo
souls,almas
existence,existência
belly,barriga
tries,tenta
foster,fomentar
returning,retornando
answered,respondido
ward,ala
plants,plantas
actress,atriz
chairman,presidente
individual,individual
hopes,esperanças
tattoo,tatuagem
fence,cerca
sink,afundar
punk,punk
confident,confiante
yay,yay
mistaken,enganado
limit,limite
bothering,incômodo
st,rua
uncomfortable,desconfortável
wednesday,quarta-feira
gifts,presentes
policeman,policial
na,n / D
precisely,precisamente
lawyers,advogados
greek,grego
merely,apenas
criminals,criminosos
underwear,roupa de baixo
hoped,esperava
earned,merecido
reveal,revelar
appeared,apareceu
derek,Derek
heavens,céus
personality,personalidade
batman,Batman
virginia,Virgínia
wives,esposas
colour,cor
worker,trabalhador
pope,papa
instructions,instruções
intelligent,inteligente
worrying,preocupante
vince,vince
comin,chegando
cried,chorou
traveling,viajando
bells,sinos
x,x
impact,impacto
robbed,roubado
relief,alívio
host,hospedar
footage,imagens de vídeo
odds,chances
patrol,patrulha
circus,circo
mud,lama
captured,capturado
lessons,lições
occasion,ocasião
pulse,pulso
ad,anúncio
invented,inventado
diamonds,diamantes
matthew,Mateus
auntie,tia
cloud,nuvem
francis,Francisco
angels,anjos
hers,dela
classes,aulas
mm-hm,mm-hm
signature,assinatura
complain,reclamar
blah,blá blá
monitor,monitor
options,opções
claims,reivindicações
flies,moscas
pat,pat
britain,Grã-Bretanha
hid,escondido
wailing,lamentos
listened,ouviu
countries,países
vic,vic
yell,gritar
rats,ratos
wondered,ficou pensando
smooth,suave
resist,resistir
companies,empresas
fantasy,fantasia
passport,passaporte
pitch,tom
hammer,martelo
homicide,homicídio
casey,Casey
holds,contém
flew,voou
jacob,Jacó
noon,meio-dia
helicopter,helicóptero
dishes,pratos
spin,rodar
charm,charme
slap,tapa
fools,tolos
screeching,guinchos
discover,descobrir
previous,anterior
kit,kit
authorities,autoridades
moaning,gemendo
photograph,fotografia
sales,vendas
fifty,cinqüenta
mickey,Mickey
beneath,abaixo
farewell,até a próxima
clouds,nuvens
slipped,escorregou
represent,representar
deaf,surdo
facing,encarando
offense,ofensa
citizen,cidadão
clown,palhaço
snap,foto
messing,bagunça
hood,capuz
twelve,doze
interests,interesses
cheated,enganado
liz,Liz
informed,informado
humanity,humanidade
producer,produtor
technically,tecnicamente
accounts,contas
extreme,extremo
gettin,ficando
cia,cia
ii,ii
pays,paga
profile,perfil
oxygen,oxigênio
jeez,caramba
gene,gene
shed,cabana
minor,menor
ex,ex
theatre,teatro
scientific,científico
lovers,amantes
chaos,caos
l.a.,Los Angeles
rocket,foguete
math,matemática
stubborn,teimoso
august,agosto
oi,óleo
chips,chips
intense,intenso
grey,cinza
talkin,falando
terrorist,terrorista
angle,ângulo
invitation,convite
gus,gus
gambling,jogatina
respond,responder
thirty,trinta
procedure,procedimento
absolute,absoluto
investigate,investigar
tragedy,tragédia
stable,estável
session,sessão
capture,capturar
marrying,casar
ripped,rasgado
attacks,ataques
stretch,esticar
bush,arbusto
dates,datas
unable,impossível
gates,portões
mars,Marte
artists,artistas
increase,aumentar
tastes,gostos
cared,se importava
bottles,garrafas
highest,mais alto
whirring,zumbido
meanwhile,enquanto isso
nate,Nate
grabbed,agarrado
pigs,porcos
chop,cortar
olivia,olívia
wheels,rodas
shocked,chocado
reverend,reverendo
commercial,comercial
escort,escolta
engagement,noivado
corpse,cadáver
louise,Luísa
worthy,valioso
scale,escala
beats,batidas
williams,Williams
threatening,ameaçador
exists,existe
academy,academia
acts,atos
hop,saltar
judges,juízes
furniture,mobília
shared,compartilhado
ralph,Ralph
consequences,consequências
engineer,engenheiro
schools,escolas
softly,suavemente
bombs,bombas
caroline,Caroline
shark,tubarão
transport,transporte
population,população
succeed,sucesso
creepy,repugnante
sneak,esgueirar-se
studies,estudos
destruction,destruição
keith,Keith
protected,protegido
monsters,monstros
joining,juntando
punished,punido
lightning,raio
malcolm,Malcolm
shell,concha
fascinating,fascinante
chamber,câmara
ethan,Ethan
romance,romance
instance,exemplo
jumping,pulando
groups,grupos
exhausted,esgotado
testify,testemunhar
studied,estudado
walker,andador
pin,alfinete
imagined,imaginado
drill,furar
investigating,investigando
ye,vós
experienced,experiente
elena,elena
necklace,colar
loyalty,lealdade
junk,porcaria
cole,cole
cries,gritos
stanley,Stanley
rita,Rita
southern,sul
blocks,blocos
emotions,emoções
begun,começou
maya,maia
liver,fígado
serving,servindo
matches,partidas
surgeon,cirurgião
granted,garantido
jazz,jazz
july,julho
supplies,suprimentos
deeper,Deeper
typical,típico
kicking,chutando
obey,obedecer
dancer,dançarino
remote,remoto
daughters,filhas
moron,idiota
latin,latim
teachers,professores
toby,Toby
sandy,arenoso
dragged,arrastado
strategy,estratégia
parent,pai/mãe
jin,jin
album,álbum
compared,comparado
rubbish,bobagem
helpful,útil
powder,pó
sync,sincronizar
bum,vagabundo
passes,passes
joan,Joana
fort,forte
choices,escolhas
alley,aléia
supper,jantar
penis,pênis
alibi,álibi
sammy,Sammy
pole,pólo
coke,coque
scientist,cientista
fighter,lutador
highway,autoestrada
blade,lâmina
alpha,alfa
diet,dieta
liquor,licor
jet,jato
widow,viúva
liberty,liberdade
philip,Filipe
moral,moral
carrie,Carrie
award,prêmio
grief,pesar
thirsty,sedento
ashley,Ashley
random,aleatório
suspects,suspeitos
intention,intenção
julian,juliano
active,ativo
tools,ferramentas
driven,dirigido
trauma,trauma
headache,dor de cabeça
safely,com segurança
alexander,Alexandre
knee,joelho
lads,rapazes
novel,romance
conversations,conversas
waters,águas
lookin,olhar dentro
invisible,invisível
internal,interno
peaceful,pacífico
humming,zumbido
washed,lavado
drives,dirige
talented,talentoso
li,li
aid,ajuda
elephant,elefante
troubles,problemas
core,essencial
serial,serial
s-,s-
painted,pintado
the,o
divine,divino
jam,geleia
goat,cabra
opera,ópera
thieves,ladrões
guessing,adivinhação
objection,objeção
whiskey,uísque
florida,Flórida
resistance,resistência
dressing,vestiário
attached,apegado
aaron,Aaron
brief,apresentação
punish,punir
eternal,eterno
lois,Lois
and,e
required,obrigatório
victoria,Vitória
fabulous,fabuloso
twins,gêmeos
characters,personagens
cooked,cozido
ln,ln
ruth,Ruth
dreamed,sonhou
arts,artes
naughty,travesso
stabbed,esfaqueado
tend,tratar
diane,diane
tap,tocar
soap,sabão
locker,armário
development,desenvolvimento
images,imagens
prick,picada
global,global
string,corda
bitter,amargo
sharing,compartilhamento
corn,milho
craig,Craig
fits,cabe
tent,barraca
forms,formulários
votes,votos
harold,Haroldo
propose,propor
monica,Mônica
constantly,constantemente
granny,avó
nicely,bem
nerves,nervos
arguing,argumentando
abuse,abuso
relatives,parentes
survival,sobrevivência
gloves,luvas
tracking,monitorando
zoe,Zoe
u,u
bend,dobrar
review,análise
connect,conectar
separated,separado
elder,ancião
beard,barba
admiral,almirante
diana,Diana
salary,salário
areas,áreas
disturb,perturbar
pro,pró
maintain,manter
solved,resolvido
wealth,fortuna
bitches,cadelas
possession,posse
sang,cantou
gimme,me dá
plates,placas
shoulders,ombros
burnt,queimado
recorded,gravado
upper,superior
counts,contagens
tale,conto
profit,lucro
colleague,colega
warehouse,armazém
hostage,refém
shore,costa
porn,pornô
miami,Miami
fifteen,quinze
visitors,visitantes
bo,bo
net,líquido
insult,insulto
owen,Owen
cities,cidades
causing,causando
lemon,limão
heal,curar
banging,batendo
honeymoon,lua de mel
appeal,apelo
marshall,marechal
critical,crítico
creating,criando
scotland,Escócia
crane,guindaste
enormous,enorme
testimony,testemunho
praise,louvar
fights,lutas
indians,índios
commission,comissão
growls,rosna
nicole,Nicole
sins,pecados
fraud,fraude
branch,filial
happily,felizmente
bout,combate
covering,cobertura
occurred,ocorreu
beans,feijões
raw,cru
muscle,músculo
pages,páginas
tense,tenso
relationships,relacionamentos
management,gerenciamento
assignment,atribuição
blonde,loiro
catching,pegando
exposed,expor
canada,Canadá
dont,não
han,han
von,von
comedy,comédia
marco,marco
stroke,AVC
whistling,assobio
buildings,edifícios
shaking,tremendo
p.m.,tarde
facility,instalações
appropriate,apropriado
remarkable,notável
transferred,transferido
drawn,retirou
tits,peitos
clicking,clicando
symbol,símbolo
motor,motor
employees,funcionários
ambassador,embaixador
mothers,mães
pile,pilha
feeding,alimentação
soda,refrigerante
checks,verificações
bears,ursos
cookies,cookies
slut,puta
awfully,muito
stepped,desceu
toys,brinquedos
levels,níveis
differently,de forma diferente
magnificent,magnífico
steak,bife
tube,tubo
leaders,líderes
superior,superior
herr,senhor
pan,frigideira
expression,expressão
currently,atualmente
throne,trono
deadly,mortal
bee,abelha
tooth,dente
depressed,deprimido
potatoes,batatas
wicked,malvado
resources,recursos
native,nativo
centuries,séculos
karl,Karl
poetry,poesia
multiple,múltiplos
cable,cabo
shortly,em breve
buzz,zumbido
socks,meias
fingerprints,impressões digitais
goddess,deusa
chin,queixo
anxious,ansioso
september,setembro
colors,cores
basketball,basquetebol
promises,promessas
explained,explicado
appearance,aparência
musical,musical
sends,envia
slide,deslizar
aii,aii
shawn,Shawn
ultimate,final
pork,carne de porco
communication,comunicação
payment,pagamento
structure,estrutura
paperwork,papelada
obsessed,obcecado
lazy,preguiçoso
russians,russos
actors,atores
squeeze,espremer
magical,mágico
colleagues,colegas
admire,admirar
madness,loucura
roads,estradas
entry,entrada
injury,ferida
burden,fardo
racing,corrida
manner,maneiras
freezing,congelamento
bits,pedaços
norman,normando
mount,montar
battery,bateria
dessert,sobremesa
pound,libra
visited,visitado
motel,motel
rumbling,estrondo
cinema,cinema
fond,carinhoso
halfway,na metade do caminho
rifle,rifle
reception,recepção
statue,estátua
fridge,geladeira
brick,tijolo
abandon,abandonar
lap,colo
natalie,Natalie
wars,guerras
recommend,recomendar
brush,escovar
nelson,Nelson
pill,pílula
concept,conceito
w,c
delay,atraso
quarters,alojamentos
korea,Coréia
janet,Janet
rub,esfregar
mall,shopping center
soil,solo
complaint,reclamação
sail,velejar
baker,padeiro
coughs,tosses
bucket,balde
description,descrição
badge,distintivo
measure,medir
hip,quadril
function,função
indistinctly,indistintamente
harris,Harris
foundation,fundação
labor,trabalho
willie,Willie
waiter,garçom
homeless,morador de rua
proved,comprovado
unfortunate,infeliz
log,registro
meetings,reuniões
giggles,risinhos
combat,combate
poem,poema
polish,polonês
handed,entregue
mia,mia
weed,erva
raymond,Raymond
tons,toneladas
satellite,satélite
jersey,camisa
eagle,águia
privacy,privacidade
chapter,capítulo
treating,tratamento
wisdom,sabedoria
flip,virar
entering,entrando
barn,celeiro
farmer,agricultor
clan,clã
budget,orçamento
pub,pub
temporary,temporário
effective,eficaz
sonny,filho
wendy,Wendy
juan,Juan
lamb,cordeiro
plot,trama
riley,Riley
proposal,proposta
sticks,gravetos
searched,pesquisado
blessing,bênção
rage,raiva
bothered,incomodado
sydney,Sydney
basis,base
manners,boas maneiras
recover,recuperar
twist,torção
neil,Neil
leak,vazar
item,item
catholic,católico
sighing,suspirando
retired,aposentado
kings,reis
inner,interno
cents,centavos
affect,afetar
forbidden,proibido
patch,correção
drops,gotas
necessarily,necessariamente
provided,oferecido
meters,metros
booked,reservado
returns,retornos
gloria,glória
fires,incêndios
humor,humor
torn,rasgado
e-mail,e-mail
rocky,rochoso
introduced,introduzido
creative,criativo
betray,trair
soviet,soviético
various,vários
added,adicionado
discovery,descoberta
cowboy,vaqueiro
suspected,suspeito
suggested,sugerido
delighted,encantado
sticking,grudando
dive,mergulho
shane,shane
radar,radar
prosecutor,promotor
amber,âmbar
vast,grande
quinn,Quinn
owned,controlado
cookie,cookie
finest,melhor
felix,Félix
pump,bombear
valentine,dia dos namorados
counter,contador
sorts,tipos
coin,moeda
warren,Warren
slaves,escravos
marine,marinho
illness,doença
sack,saco
bid,oferta
require,exigir
moscow,Moscou
largest,maior
washing,lavagem
achieve,alcançar
causes,causas
k,k
mo,mo
dope,droga
nest,ninho
palm,palma
logan,Logan
constant,constante
b.,b.
boo,vaia
medication,medicamento
gravity,gravidade
booze,bebida
noah,Noé
evan,Evan
abroad,fora do país
christine,Christine
rising,ascendente
analysis,análise
cuts,cortes
eats,come
employee,funcionário
vodka,vodka
damaged,danificado
solar,solar
height,altura
pops,pops
yards,jardas
terrified,aterrorizada
suitcase,mala
chemical,produtos químicos
preparing,preparando
advanced,avançado
fund,fundo
wears,usa
chirping,chilreando
web,web
phase,fase
prom,baile de formatura
suggesting,sugerindo
fleet,frota
lame,muito ruim
irish,irlandês
editor,editor
october,outubro
assumed,assumido
whip,chicote
mel,mel
region,região
amongst,entre
temper,temperamento
discussion,discussão
engines,motores
operate,operar
sunshine,luz do sol
acted,agiu
undercover,disfarçado
horror,horror
tested,testado
smash,esmagar
contrary,contrário
roses,rosas
poker,pôquer
wrapped,envolto
korean,coreano
graham,Graham
mi,mi
fu,fu
ivan,Ivan
focused,focado
liam,Liam
tragic,trágico
carla,Carla
demons,demônios
rounds,rodadas
entertainment,entretenimento
gathered,coletado
uhh,uhh
yells,gritos
lincoln,Lincoln
crossing,cruzamento
blanket,cobertor
nut,noz
travis,Travis
pockets,bolsos
limited,limitado
paintings,pinturas
sober,sóbrio
caesar,César
sis,irmã
intended,pretendido
niece,sobrinha
computers,computadores
tennis,tênis
needle,agulha
chicks,pintinhos
traditional,tradicional
delicate,delicado
independent,independente
leslie,Leslie
lauren,Lauren
grandson,neto
repair,reparar
a.,um.
brandon,Brandon
executive,executivo
colin,Colin
recognized,reconhecido
holmes,Holmes
regarding,a respeito de
weakness,fraqueza
aliens,alienígenas
gunshots,tiros
european,europeu
method,método
tool,ferramenta
demands,demandas
permit,permitir
towel,toalha
daisy,margarida
nowadays,hoje em dia
spider,aranha
northern,norte
rangers,guardas florestais
zoo,jardim zoológico
praying,orando
antonio,Antônio
passengers,passageiros
con,com
australia,Austrália
technique,técnica
cellphone,celular
gently,suavemente
operations,operações
planes,aviões
bunny,coelhinho
gunfire,tiros
shining,brilhante
backwards,para trás
skill,habilidade
uh-,uh-
baron,barão
kidnapping,sequestro
iike,gosto
marshal,marechal
petty,pequeno
sealed,selado
massage,massagem
raising,subindo
menu,menu
diary,diário
fucker,Idiota
wagon,vagão
audition,audição
mitch,Mitch
mexican,mexicano
casino,cassino
bacon,bacon
diego,Diego
dutch,holandês
promotion,promoção
click,clique
forgiveness,perdão
burst,explodido
permanent,permanente
interfere,interferir
chanting,cantando
dammit,droga
spencer,Spencer
recovered,recuperado
registered,registrado
sunny,ensolarado
packing,embalagem
scenes,cenas
superman,super-homem
questioning,questionando
unfair,injusto
admitted,admitiu
ancestors,ancestrais
polite,educado
completed,concluído
swallow,engolir
conduct,conduta
prayers,orações
sheet,folha
fried,frito
avenue,avenida
poisoned,envenenado
reverse,reverter
newspapers,jornais
ford,Ford
complaining,reclamando
senses,sentidos
investment,investimento
absurd,absurdo
potato,batata
understands,entende
grows,cresce
inspired,inspirado
ruby,rubi
celebrating,comemorando
tag,marcação
ram,bater
requires,requer
bonnie,Bonnie
bugs,insetos
leonard,Leonardo
elliot,Elliot
hooked,viciado
jill,Jill
ranch,rancho
safer,mais seguro
worn,desgastado
crashing,quebrando
lands,terras
heather,Mesclado
ash,cinzas
leather,couro
grounds,terrenos
assuming,supondo
nails,unhas
dana,dana
conspiracy,conspiração
thanksgiving,ação de graças
pierre,Pierre
guardian,guardião
rumors,rumores
yen,iene
megan,Megan
ashes,cinzas
terror,terror
misunderstanding,mal-entendido
tire,pneu
boats,barcos
parade,parada
halt,parar
immunity,imunidade
adults,adultos
steam,vapor
kang,Kang
closely,de perto
pearl,pérola
soccer,futebol
adrian,Adriano
priority,prioridade
shouts,gritos
donald,Donald
happier,mais feliz
khan,Khan
struggling,lutando
root,raiz
larger,maior
november,novembro
boot,bota
conflict,conflito
laughed,sorriu
debbie,Débia
cherry,cereja
honking,buzinando
concerns,preocupações
celebration,celebração
sore,dolorido
unconscious,inconsciente
cattle,gado
breasts,seios
fairly,com justiça
fee,taxa
recognise,reconhecer
wade,vadear
radiation,radiação
holidays,feriados
raining,chovendo
forgetting,esquecendo
lungs,pulmões
register,registrar
shadows,sombras
specifically,especificamente
sarge,sargento
ideal,ideal
turtle,tartaruga
spoil,estragar
deserved,merecido
ronnie,ronnie
gina,Gina
candidate,candidato
lance,lança
types,tipos
bloke,cara
explode,explodir
immediate,imediato
belonged,pertencia
identified,identificado
di,di
hunger,fome
closest,mais próximo
combination,combinação
nanny,babá
seth,Seth
gabriel,Gabriel
develop,desenvolver
detectives,detetives
severe,forte
en,en
organized,organizado
franklin,Franklin
gut,intestino
splendid,esplêndido
dismissed,demitido
pm,tarde
yang,yang
halloween,Halloween
ellie,Ellie
vulnerable,vulnerável
continued,continuação
vital,vital
comrades,camaradas
bureau,escritório
drawer,gaveta
harper,harper
retreat,retiro
carson,Carson
benny,Benny
pillow,travesseiro
troy,Tróia
ace,ás
cart,carrinho
nap,sesta
chan,chan
ham,presunto
announce,anunciar
borrowed,emprestado
parked,estacionado
galaxy,galáxia
voted,votou
muffled,abafado
mmm-hmm,Hum-hum
jewelry,joia
kisses,beijos
luggage,bagagem
groom,noivo
oops,ops
lighter,isqueiro
masters,mestres
alliance,aliança
buddies,amigos
clothing,roupas
denied,negado
drown,afogar
alike,parecido
excellency,excelência
relative,relativo
photographs,fotografias
burger,hambúrguer
dough,massa
alicia,alicia
wreck,naufrágio
approve,aprovar
produced,produzido
christina,Cristina
physically,fisicamente
stations,estações
eli,eli
samantha,Samantha
spiritual,espiritual
sire,pai
roaring,rugindo
stab,facada
inch,polegada
servants,criados
limits,limites
unexpected,inesperado
arrival,chegada
whimpering,choramingando
basket,cesta
sheets,folhas
scandal,escândalo
stink,fedor
homer,Homero
tara,tara
christopher,Christopher
toes,dedos do pé
t-,t-
shield,escudo
shooter,atirador
instant,instantâneo
objects,objetos
rehearsal,ensaio
disturbing,perturbador
directed,dirigido
scan,digitalização
electronic,eletrônico
republic,república
overnight,durante a noite
counsel,conselho
sirens,sirenes
dorothy,Dorothy
bait,isca
dignity,dignidade
explains,explica
lean,magro
heroin,heroína
tracy,Tracy
rex,rex
barney,Barney
gossip,fofoca
humble,humilde
economy,economia
worlds,mundos
impress,impressionar
clara,clara
tissue,tecido
threaten,ameaçar
et,et
bump,ressalto
supreme,supremo
bingo,Bingo
mitchell,Mitchell
excitement,excitação
mankind,humanidade
document,documento
broad,largo
vietnam,Vietnã
vessel,navio
lit,aceso
dale,vale
killers,assassinos
connor,Connor
mario,mario
foul,falta
stare,olhar fixo
deaths,mortes
hut,cabana
elements,elementos
coma,coma
laying,colocando
coffin,caixão
paula,paula
cocaine,cocaína
puppy,filhote de cachorro
louder,mais alto
handled,tratado
announcement,anúncio
oath,juramento
mob,multidão
cotton,algodão
deposit,depósito
taxes,impostos
injuries,lesões
jen,Jen
autopsy,autópsia
advise,conselho
gig,show
lecture,palestra
posted,postado
skinny,magrelo
lo,lo
include,incluir
revealed,revelado
infected,infetado
relieved,aliviado
assistance,assistência
solo,solo
determine,determinar
terrorists,terroristas
elsewhere,em outro lugar
lamp,lâmpada
practical,prático
marked,marcado
adorable,adorável
rubber,borracha
purple,roxo
operating,operando
suite,suíte
apologies,Peço desculpas.
personnel,pessoal
beam,feixe
poet,poeta
samples,amostras
arrow,seta
counselor,conselheiro
carpet,tapete
allen,Allen
audrey,Audrey
spotted,identificado
floating,flutuante
corrected,corrigido
located,localizado
journalist,jornalista
insisted,insistiu
operator,operador
rely,confiar
singh,singh
fooled,enganado
arrives,chega
i.d.,eu ia.
leon,Leão
walt,Walt
eastern,oriental
ay,sim
shave,depilar
remaining,restante
toss,arremessar
anderson,Anderson
lip,lábio
acid,ácido
nora,nora
si,si
december,dezembro
anonymous,anônimo
inn,Pousada
planted,plantado
oldest,mais velho
breast,seios
sixth,sexto
error,erro
reporting,reportagem
egypt,Egito
islands,ilhas
brother-in-law,cunhado
jules,jules
roommate,colega de quarto
sings,canta
scum,escumalha
visitor,Visitante
giggling,rindo
described,descrito
geez,caramba
inches,polegadas
commitment,compromisso
hercules,Hércules
react,reagir
cows,vacas
protest,protesto
misery,miséria
theft,roubo
embrace,abraçar
darn,droga
harsh,severo
andrea,Andrea
communicate,comunicar
fathers,pais
faithful,fiel
hector,Hector
uh-uh,uh-uh
flame,chama
medal,medalha
silk,seda
photographer,fotógrafo
trevor,Trevor
cemetery,cemitério
rear,traseira
freddy,Freddy
banana,banana
allison,Allison
emotion,emoção
chap,rachar
dated,datado
excuses,desculpas
shitty,merda
bin,lixeira
jew,judeu
gum,goma
crushed,esmagado
efforts,esforços
content,contente
corporal,corporal
realised,percebeu
del,del
rap,rap
hopeless,sem esperança
debate,debate
era,era
luckily,felizmente
ton,tonelada
liquid,líquido
swell,inchar
peggy,Peggy
feast,celebração
murphy,Murphy
attracted,atraído
application,aplicativo
profession,profissão
bench,banco
vanessa,Vanessa
ahem,ahem
symptoms,sintomas
scout,escoteiro
crashed,caiu
keen,ansioso
aircraft,aeronave
formed,formado
hon,honra
aggressive,agressivo
pale,pálido
significant,significativo
duncan,Duncan
clubs,clubes
visual,visual
embassy,embaixada
defence,defesa
cabinet,gabinete
display,mostrar
fame,fama
gibbs,Gibbs
drowned,afogado
wolves,lobos
filming,filmagem
dunno,Não sei.
cursed,amaldiçoado
twin,gêmeo
sorrow,tristeza
vault,cofre
defeated,derrotado
watson,Watson
quote,citar
penalty,pena
bargain,negociar
pepper,pimenta
speaker,palestrante
compare,comparar
satan,satan
helmet,capacete
scar,cicatriz
copies,cópias
fuss,alvoroço
envelope,envelope
perry,perada
stinks,fede
african,africano
arrangements,arranjos
wished,desejado
honored,honrado
believing,acreditando
discussed,discutido
assigned,atribuído
rosa,rosa
oven,forno
jenna,Jenna
attacking,atacante
tin,estanho
sonic,sônico
collar,colarinho
mere,simples
romeo,Romeu
belief,crença
storage,armazenar
rusty,oxidado
psycho,psicopata
climbing,escalando
melissa,Melissa
fears,medos
sum,soma
dedicated,dedicado
ladder,escada
alternative,alternativa
raid,ataque
dining,jantar
ms,EM
corporate,corporativo
folk,povo
jon,jon
replaced,substituído
bailey,bailey
un,un
heels,salto
duties,obrigações
smarter,mais inteligente
existed,existia
surprising,surpreendente
chess,xadrez
requested,solicitado
cruise,cruzeiro
primary,primário
rhythm,ritmo
drum,tambor
models,modelos
motorcycle,motocicleta
adopted,adotado
barrel,barril
cargo,carga
planets,planetas
shove,empurrão
wha,o quê
surprises,surpresas
rosie,Rosie
dings,dings
trailer,reboque
cannon,canhão
tables,tabelas
arse,bunda
ally,aliado
lawrence,Lawrence
wee,pequenino
tapes,fitas
dull,chato
sandra,Sandra
teenage,adolescente
kent,Kent
cooperate,cooperar
risks,riscos
dug,cavado
worthless,inútil
arriving,chegando
kindness,gentileza
ties,gravatas
items,Unid
and-,e-
grip,pegada
relations,relações
rumor,rumor
skirt,saia
frog,sapo
paige,Paige
lloyd,Lloyd
claimed,reivindicado
perfume,perfume
instrumental,instrumental
flames,chamas
association,associação
loses,perde
january,janeiro
spike,espinho
israel,Israel
eleven,onze
gallery,galeria
ginger,ruivo
activities,atividades
iraq,Iraque
boarding,embarque
fist,punho
stuffed,recheado
improve,melhorar
creation,criação
connie,Connie
infection,infecção
strikes,greves
wiped,limpo
tension,tensão
whistles,assobios
kindly,gentilmente
certificate,certificado
curtis,curtis
bold,audacioso
threats,ameaças
claudia,claúdia
sid,lado
twisted,torcido
suspended,suspenso
affected,afetado
envy,inveja
whale,baleia
dial,discador
cameron,Cameron
martial,marcial
controlled,controlado
lung,pulmão
nigga,preto
coal,carvão
upside,vantagem
imperial,imperial
pam,Pam
paranoid,paranoico
signing,assinatura
congress,congresso
villa,vila
candles,velas
filling,enchimento
becky,Becky
comic,quadrinhos
faint,desmaiar
recovery,recuperação
volunteer,voluntário
tech,tecnologia
bleed,sangrar
positions,posições
cindy,Cindy
narrow,estreito
forbid,proibir
stuart,Stuart
perspective,perspectiva
faced,enfrentado
neat,organizado
pierce,perfurar
observe,observar
cycle,ciclo
psychic,psíquico
handling,manuseio
goose,ganso
accidentally,acidentalmente
conclusion,conclusão
designer,designer
sits,senta
importance,importância
spots,manchas
francs,francos
sweep,varrer
destroying,destruindo
communist,comunista
blackmail,chantagem
pacific,pacífico
risky,arriscado
glorious,glorioso
filed,protocolado
hatred,ódio
cam,câmera
deals,ofertas
pos,pos
fooling,enganando
persons,pessoas
scotch,uísque
executed,executado
brakes,freios
blank,em branco
tender,macio
kurt,Kurt
turner,Turner
tub,banheira
sucker,otário
slight,pouco
addition,adição
campus,campus
